Loan_ID,Gender,Married,Dependents,Education,Self_Employed, ApplicantIncome , CoapplicantIncome , LoanAmount ,Loan_Amount_Term,Credit_History,Property_Area,Loan_Status
LP001002,Male,No,0,Graduate,No,116980,0,0,360,1,Urban,Y
LP001003,Male,Yes,1,Graduate,No,91660,30160,51200,360,1,Rural,N
LP001005,Male,Yes,0,Graduate,Yes,60000,0,26400,360,1,Urban,Y
LP001006,Male,Yes,0,Not Graduate,No,51660,47160,48000,360,1,Urban,Y
LP001008,Male,No,0,Graduate,No,120000,0,56400,360,1,Urban,Y
LP001011,Male,Yes,2,Graduate,Yes,108340,83920,106800,360,1,Urban,Y
LP001013,Male,Yes,0,Not Graduate,No,46660,30320,38000,360,1,Urban,Y
LP001014,Male,Yes,3+,Graduate,No,60720,50080,63200,360,0,Semiurban,N
LP001018,Male,Yes,2,Graduate,No,80120,30520,67200,360,1,Urban,Y
LP001020,Male,Yes,1,Graduate,No,256820,219360,139600,360,1,Semiurban,N
LP001024,Male,Yes,2,Graduate,No,64000,14000,28000,360,1,Urban,Y
LP001027,Male,Yes,2,Graduate,,50000,36800,43600,360,1,Urban,Y
LP001028,Male,Yes,2,Graduate,No,61460,162120,80000,360,1,Urban,Y
LP001029,Male,No,0,Graduate,No,37060,56800,45600,360,1,Rural,N
LP001030,Male,Yes,2,Graduate,No,25980,21720,6800,120,1,Urban,Y
LP001032,Male,No,0,Graduate,No,99000,0,50000,360,1,Urban,Y
LP001034,Male,No,1,Not Graduate,No,71920,0,40000,240,,Urban,Y
LP001036,Female,No,0,Graduate,No,70200,0,30400,360,0,Urban,N
LP001038,Male,Yes,0,Not Graduate,No,97740,0,53200,360,1,Rural,N
LP001041,Male,Yes,0,Graduate,,52000,70000,46000,,1,Urban,Y
LP001043,Male,Yes,0,Not Graduate,No,153200,0,41600,360,0,Urban,N
LP001046,Male,Yes,1,Graduate,No,119100,112500,126000,360,1,Urban,Y
LP001047,Male,Yes,0,Not Graduate,No,52000,38220,46400,360,0,Semiurban,N
LP001050,,Yes,2,Not Graduate,No,67300,38340,44800,360,0,Rural,N
LP001052,Male,Yes,1,Graduate,,74340,58500,60400,360,,Semiurban,N
LP001066,Male,Yes,0,Graduate,Yes,191200,0,76400,360,1,Semiurban,Y
LP001068,Male,Yes,0,Graduate,No,55980,45060,48800,360,1,Semiurban,Y
LP001073,Male,Yes,2,Not Graduate,No,84520,20800,44000,360,1,Urban,Y
LP001086,Male,No,0,Not Graduate,No,28840,0,14000,360,1,Urban,N
LP001087,Female,No,2,Graduate,,75000,41660,48000,360,1,Semiurban,Y
LP001091,Male,Yes,1,Graduate,,83320,67380,80400,360,,Urban,N
LP001095,Male,No,0,Graduate,No,63340,0,29600,360,1,Urban,N
LP001097,Male,No,1,Graduate,Yes,93840,0,42400,360,1,Rural,N
LP001098,Male,Yes,0,Graduate,No,70000,33340,45600,360,1,Semiurban,Y
LP001100,Male,No,3+,Graduate,No,250000,60000,128000,360,1,Rural,N
LP001106,Male,Yes,0,Graduate,No,45500,41340,0,360,1,Urban,Y
LP001109,Male,Yes,0,Graduate,No,36560,26600,40000,,0,Urban,N
LP001112,Female,Yes,0,Graduate,No,73340,29180,57600,360,1,Semiurban,Y
LP001114,Male,No,0,Graduate,No,83320,144200,73600,360,1,Urban,Y
LP001116,Male,No,0,Not Graduate,No,74960,33360,44000,360,1,Semiurban,Y
LP001119,Male,No,0,Graduate,No,72000,0,32000,360,1,Urban,N
LP001120,Male,No,0,Graduate,No,36000,24260,18800,360,1,Urban,Y
LP001123,Male,Yes,0,Graduate,No,48000,0,30000,360,,Urban,Y
LP001131,Male,Yes,0,Graduate,No,78820,46720,53600,360,1,Semiurban,Y
LP001136,Male,Yes,0,Not Graduate,Yes,93900,0,38400,,1,Urban,Y
LP001137,Female,No,0,Graduate,No,68200,0,35200,,1,Urban,Y
LP001138,Male,Yes,1,Graduate,No,112980,0,17600,360,1,Urban,Y
LP001144,Male,Yes,0,Graduate,No,116420,0,57600,360,1,Urban,Y
LP001146,Female,Yes,0,Graduate,No,52900,68800,48000,360,0,Urban,N
LP001151,Female,No,0,Graduate,No,80000,45500,57600,360,1,Semiurban,Y
LP001155,Female,Yes,0,Not Graduate,No,38560,32880,40000,360,1,Semiurban,Y
LP001157,Female,No,0,Graduate,No,61720,0,48000,360,1,Semiurban,Y
LP001164,Female,No,0,Graduate,No,84600,0,44800,360,1,Semiurban,N
LP001179,Male,Yes,2,Graduate,No,92320,0,53600,360,1,Urban,N
LP001186,Female,Yes,1,Graduate,Yes,230000,0,114400,360,0,Urban,N
LP001194,Male,Yes,2,Graduate,No,54160,23340,38800,360,1,Semiurban,Y
LP001195,Male,Yes,0,Graduate,No,42640,31820,38400,360,1,Semiurban,Y
LP001197,Male,Yes,0,Graduate,No,67320,44000,54000,360,1,Rural,N
LP001198,Male,Yes,1,Graduate,No,161600,45000,72000,360,1,Urban,Y
LP001199,Male,Yes,2,Not Graduate,No,67140,57180,57600,360,1,Urban,Y
LP001205,Male,Yes,0,Graduate,No,50000,75920,48000,360,1,Urban,Y
LP001206,Male,Yes,3+,Graduate,No,60580,0,39600,360,1,Urban,Y
LP001207,Male,Yes,0,Not Graduate,Yes,52180,68980,66000,180,0,Rural,N
LP001213,Male,Yes,1,Graduate,No,98900,0,0,360,0,Rural,N
LP001222,Female,No,0,Graduate,No,83320,0,46400,360,0,Semiurban,N
LP001225,Male,Yes,0,Graduate,No,114520,91900,103200,360,1,Semiurban,N
LP001228,Male,No,0,Not Graduate,No,64000,45080,50400,180,0,Urban,N
LP001233,Male,Yes,1,Graduate,No,215000,0,124800,360,1,Urban,Y
LP001238,Male,Yes,3+,Not Graduate,Yes,142000,0,50000,60,1,Urban,Y
LP001241,Female,No,0,Graduate,No,86000,0,54400,360,0,Semiurban,N
LP001243,Male,Yes,0,Graduate,No,64160,61320,68800,360,1,Urban,Y
LP001245,Male,Yes,2,Not Graduate,Yes,37500,37500,38800,360,1,Semiurban,Y
LP001248,Male,No,0,Graduate,No,70000,0,32400,300,1,Semiurban,Y
LP001250,Male,Yes,3+,Not Graduate,No,95100,0,38000,,0,Semiurban,N
LP001253,Male,Yes,3+,Graduate,Yes,105320,35480,74800,360,1,Semiurban,Y
LP001255,Male,No,0,Graduate,No,75000,0,45200,480,1,Urban,N
LP001256,Male,No,0,Graduate,No,75000,95000,70400,360,1,Urban,N
LP001259,Male,Yes,1,Graduate,Yes,20000,60440,44000,360,1,Urban,N
LP001263,Male,Yes,3+,Graduate,No,63340,80000,72000,300,0,Semiurban,N
LP001264,Male,Yes,3+,Not Graduate,Yes,66660,43320,52000,360,,Semiurban,Y
LP001265,Female,No,0,Graduate,No,76920,0,44400,360,1,Semiurban,Y
LP001266,Male,Yes,1,Graduate,Yes,47900,0,0,360,1,Semiurban,Y
LP001267,Female,Yes,2,Graduate,No,27560,37620,66800,360,1,Urban,N
LP001273,Male,Yes,0,Graduate,No,120000,45000,106000,360,,Semiurban,N
LP001275,Male,Yes,1,Graduate,No,79760,0,20000,240,1,Urban,Y
LP001279,Male,No,0,Graduate,No,47320,50620,54400,360,1,Semiurban,Y
LP001280,Male,Yes,2,Not Graduate,No,66660,40000,39600,360,,Semiurban,Y
LP001282,Male,Yes,0,Graduate,No,50000,42360,41600,360,1,Semiurban,Y
LP001289,Male,No,0,Graduate,No,171320,0,84000,360,1,Urban,Y
LP001310,Male,Yes,0,Graduate,No,113900,83340,70000,360,1,Semiurban,Y
LP001316,Male,Yes,0,Graduate,No,59160,58000,52400,360,1,Semiurban,Y
LP001318,Male,Yes,2,Graduate,No,125000,113080,75200,180,1,Semiurban,Y
LP001319,Male,Yes,2,Not Graduate,No,65460,36400,32400,360,1,Urban,Y
LP001322,Male,No,0,Graduate,No,82660,0,48800,360,1,Semiurban,Y
LP001325,Male,No,0,Not Graduate,No,72400,0,10000,120,1,Semiurban,Y
LP001326,Male,No,0,Graduate,,135640,0,0,360,,Urban,N
LP001327,Female,Yes,0,Graduate,No,49680,46040,54800,360,1,Semiurban,Y
LP001333,Male,Yes,0,Graduate,No,39540,19940,20000,360,1,Semiurban,Y
LP001334,Male,Yes,0,Not Graduate,No,83760,0,46000,180,1,Semiurban,Y
LP001343,Male,Yes,0,Graduate,No,35180,70820,52400,360,1,Semiurban,Y
LP001345,Male,Yes,2,Not Graduate,No,85760,65260,53200,180,1,Urban,Y
LP001349,Male,No,0,Graduate,No,96860,76120,60400,360,1,Semiurban,Y
LP001350,Male,Yes,,Graduate,No,273000,0,0,360,1,Urban,Y
LP001356,Male,Yes,0,Graduate,No,93040,71660,0,360,1,Semiurban,Y
LP001357,Male,,,Graduate,No,76320,15080,64000,360,1,Urban,Y
LP001367,Male,Yes,1,Graduate,No,61040,20600,40000,360,1,Urban,Y
LP001369,Male,Yes,2,Graduate,No,228340,22520,90000,360,1,Urban,Y
LP001370,Male,No,0,Not Graduate,,146660,0,48000,360,1,Rural,N
LP001379,Male,Yes,2,Graduate,No,76000,72000,86400,360,0,Urban,N
LP001384,Male,Yes,3+,Not Graduate,No,41420,15080,37600,480,1,Semiurban,Y
LP001385,Male,No,0,Graduate,No,106320,0,54400,360,1,Urban,Y
LP001387,Female,Yes,0,Graduate,,58580,46660,55600,360,1,Semiurban,Y
LP001391,Male,Yes,0,Not Graduate,No,71440,82280,60800,,0,Rural,N
LP001392,Female,No,1,Graduate,Yes,149020,0,0,360,1,Semiurban,Y
LP001398,Male,No,0,Graduate,,101000,0,47200,360,1,Semiurban,Y
LP001401,Male,Yes,1,Graduate,No,291660,0,74000,180,1,Rural,Y
LP001404,Female,Yes,0,Graduate,No,63340,45660,61600,360,1,Semiurban,Y
LP001405,Male,Yes,1,Graduate,No,44280,27960,34000,360,,Urban,Y
LP001421,Male,Yes,0,Graduate,No,111360,42840,70000,360,1,Rural,N
LP001422,Female,No,0,Graduate,No,208160,0,103600,360,1,Urban,Y
LP001426,Male,Yes,,Graduate,No,113340,53340,72000,360,1,Rural,Y
LP001430,Female,No,0,Graduate,No,83320,0,17600,360,1,Semiurban,Y
LP001431,Female,No,0,Graduate,No,42740,179600,54800,360,0,Semiurban,Y
LP001432,Male,Yes,2,Graduate,No,59140,0,32400,360,1,Semiurban,Y
LP001439,Male,Yes,0,Not Graduate,No,86000,40280,77600,360,1,Rural,Y
LP001443,Female,No,0,Graduate,No,73840,0,37200,360,,Rural,Y
LP001448,,Yes,3+,Graduate,No,476060,0,148000,360,1,Rural,Y
LP001449,Male,No,0,Graduate,No,77300,32800,0,360,1,Rural,Y
LP001451,Male,Yes,1,Graduate,Yes,210260,77000,64000,180,0,Urban,N
LP001465,Male,Yes,0,Graduate,No,121600,51380,72800,360,,Rural,N
LP001469,Male,No,0,Graduate,Yes,403320,0,260000,480,,Urban,Y
LP001473,Male,No,0,Graduate,No,40280,38580,29600,360,1,Urban,Y
LP001478,Male,No,0,Graduate,No,54360,0,28000,360,1,Semiurban,Y
LP001482,Male,Yes,0,Graduate,Yes,69180,0,10000,120,1,Semiurban,Y
LP001487,Male,No,0,Graduate,No,97900,0,40800,360,1,Semiurban,Y
LP001488,Male,Yes,3+,Graduate,No,80000,155000,116000,360,1,Semiurban,N
LP001489,Female,Yes,0,Graduate,No,91660,0,33600,360,1,Rural,N
LP001491,Male,Yes,2,Graduate,Yes,66320,70000,35200,360,1,Urban,Y
LP001492,Male,No,0,Graduate,No,299980,0,96800,360,0,Semiurban,N
LP001493,Male,Yes,2,Not Graduate,No,84000,28600,51600,360,1,Rural,N
LP001497,Male,Yes,2,Graduate,No,100840,41660,74000,360,1,Rural,N
LP001498,Male,No,0,Graduate,No,108340,0,67200,360,1,Urban,Y
LP001504,Male,No,0,Graduate,Yes,139000,0,70000,180,1,Semiurban,Y
LP001507,Male,Yes,0,Graduate,No,53960,40680,48800,360,1,Semiurban,Y
LP001508,Male,Yes,2,Graduate,No,235140,0,74800,180,1,Urban,Y
LP001514,Female,Yes,0,Graduate,No,46600,89720,40000,360,1,Semiurban,Y
LP001516,Female,Yes,2,Graduate,No,297320,0,28000,360,1,Urban,Y
LP001518,Male,Yes,1,Graduate,No,30760,28500,12000,360,1,Urban,Y
LP001519,Female,No,0,Graduate,No,200000,33320,90000,360,1,Rural,N
LP001520,Male,Yes,0,Graduate,No,97200,16600,50000,360,1,Semiurban,Y
LP001528,Male,No,0,Graduate,No,125540,0,47200,360,0,Rural,N
LP001529,Male,Yes,0,Graduate,Yes,51540,75000,60800,360,1,Rural,Y
LP001531,Male,No,0,Graduate,No,183320,0,97600,360,1,Urban,N
LP001532,Male,Yes,2,Not Graduate,No,45620,0,45200,360,1,Rural,N
LP001535,Male,No,0,Graduate,No,65080,0,20000,360,1,Urban,Y
LP001536,Male,Yes,3+,Graduate,No,799980,0,240000,180,0,Semiurban,Y
LP001541,Male,Yes,1,Graduate,No,120000,0,64000,360,,Rural,Y
LP001543,Male,Yes,1,Graduate,No,190760,0,74800,360,1,Urban,Y
LP001546,Male,No,0,Graduate,,59600,41660,48000,360,1,Rural,Y
LP001552,Male,Yes,0,Graduate,No,91660,112500,102000,360,1,Semiurban,Y
LP001560,Male,Yes,0,Not Graduate,No,37260,20820,39200,360,1,Semiurban,Y
LP001562,Male,Yes,0,Graduate,No,158660,0,110000,360,1,Urban,N
LP001565,Male,Yes,1,Graduate,No,61780,25600,48400,360,0,Semiurban,N
LP001570,Male,Yes,2,Graduate,No,83340,28940,63200,360,1,Rural,Y
LP001572,Male,Yes,0,Graduate,No,186460,0,30000,180,1,Urban,Y
LP001574,Male,Yes,0,Graduate,No,74140,63320,72800,,1,Rural,Y
LP001577,Female,Yes,0,Graduate,No,91660,0,44800,360,1,Rural,N
LP001578,Male,Yes,0,Graduate,No,48780,66660,51600,360,1,Rural,Y
LP001579,Male,No,0,Graduate,No,44740,0,25200,480,0,Semiurban,N
LP001580,Male,Yes,2,Graduate,No,160000,0,80000,360,1,Semiurban,Y
LP001581,Male,Yes,0,Not Graduate,,36400,35380,38000,360,1,Rural,Y
LP001585,,Yes,3+,Graduate,No,1035260,0,280000,300,1,Urban,Y
LP001586,Male,Yes,3+,Not Graduate,No,70440,0,32400,180,1,Rural,N
LP001594,Male,Yes,0,Graduate,No,114160,112500,74800,360,1,Semiurban,Y
LP001603,Male,Yes,0,Not Graduate,Yes,86880,14720,34800,360,1,Semiurban,N
LP001606,Male,Yes,0,Graduate,No,69940,39280,46400,360,1,Rural,Y
LP001608,Male,Yes,2,Graduate,No,40900,32380,40400,360,1,Rural,Y
LP001610,Male,Yes,3+,Graduate,No,110320,226000,198000,360,0,Semiurban,N
LP001616,Male,Yes,1,Graduate,No,75000,0,46400,360,1,Semiurban,Y
LP001630,Male,No,0,Not Graduate,No,46660,29020,40800,480,0,Urban,N
LP001633,Male,Yes,1,Graduate,No,128000,145000,72000,360,0,Urban,N
LP001634,Male,No,0,Graduate,No,38320,101260,26800,360,,Rural,N
LP001636,Male,Yes,0,Graduate,No,92000,0,29200,180,1,Semiurban,Y
LP001637,Male,Yes,1,Graduate,No,676920,0,104000,360,1,Semiurban,N
LP001639,Female,Yes,0,Graduate,No,72500,0,43200,360,1,Semiurban,Y
LP001640,Male,Yes,0,Graduate,Yes,782940,95000,48000,360,1,Semiurban,Y
LP001641,Male,Yes,1,Graduate,Yes,43560,0,26400,300,0,Rural,N
LP001643,Male,Yes,0,Graduate,No,47660,42760,23200,360,,Rural,Y
LP001644,,Yes,0,Graduate,Yes,13480,105920,67200,360,1,Rural,Y
LP001647,Male,Yes,0,Graduate,No,186560,0,75200,180,1,Rural,Y
LP001653,Male,No,0,Not Graduate,No,97700,0,19200,360,1,Rural,Y
LP001656,Male,No,0,Graduate,No,240000,0,65600,360,1,Semiurban,N
LP001657,Male,Yes,0,Not Graduate,No,120660,0,64000,360,1,Urban,N
LP001658,Male,No,0,Graduate,No,77160,0,30400,360,1,Semiurban,Y
LP001664,Male,No,0,Graduate,No,83820,0,48000,360,1,Rural,Y
LP001665,Male,Yes,1,Graduate,No,62500,51660,68000,360,1,Semiurban,N
LP001666,Male,No,0,Graduate,No,166660,75000,74800,360,1,Rural,Y
LP001669,Female,No,0,Not Graduate,No,38140,47300,48000,,1,Urban,Y
LP001671,Female,Yes,0,Graduate,No,68320,56320,45200,360,,Semiurban,Y
LP001673,Male,No,0,Graduate,Yes,220000,0,33200,360,1,Urban,N
LP001674,Male,Yes,1,Not Graduate,No,52000,50000,36000,360,1,Semiurban,Y
LP001677,Male,No,2,Graduate,No,98460,0,66400,360,0,Semiurban,Y
LP001682,Male,Yes,3+,Not Graduate,No,79840,0,0,180,1,Urban,N
LP001688,Male,Yes,1,Not Graduate,No,70000,21660,54000,360,1,Urban,Y
LP001691,Male,Yes,2,Not Graduate,No,78340,0,49600,360,1,Semiurban,Y
LP001692,Female,No,0,Not Graduate,No,88160,0,48000,360,1,Semiurban,Y
LP001693,Female,No,0,Graduate,No,64880,0,32000,360,1,Urban,Y
LP001698,Male,No,0,Not Graduate,No,79500,50620,22000,360,1,Rural,Y
LP001699,Male,No,0,Graduate,No,49580,0,23600,360,1,Urban,Y
LP001702,Male,No,0,Graduate,No,68360,0,50800,360,1,Semiurban,N
LP001708,Female,No,0,Graduate,No,200000,0,85600,360,1,Semiurban,N
LP001711,Male,Yes,3+,Graduate,No,68600,25000,51200,360,0,Semiurban,N
LP001713,Male,Yes,1,Graduate,Yes,155740,0,96000,360,1,Urban,Y
LP001715,Male,Yes,3+,Not Graduate,Yes,114060,0,52000,360,1,Rural,Y
LP001716,Male,Yes,0,Graduate,No,63460,60420,54800,360,1,Urban,Y
LP001720,Male,Yes,3+,Not Graduate,No,77000,19660,40000,360,1,Semiurban,Y
LP001722,Male,Yes,0,Graduate,No,3000,36000,54000,360,1,Rural,N
LP001726,Male,Yes,0,Graduate,No,74540,35500,52400,360,1,Semiurban,Y
LP001732,Male,Yes,2,Graduate,,100000,0,28800,360,0,Semiurban,N
LP001734,Female,Yes,2,Graduate,No,85660,47660,50800,360,,Semiurban,Y
LP001736,Male,Yes,0,Graduate,No,44420,0,24000,360,0,Urban,N
LP001743,Male,Yes,2,Graduate,No,80180,34340,46400,360,1,Semiurban,Y
LP001744,Male,No,0,Graduate,No,59420,55820,57600,360,1,Semiurban,Y
LP001749,Male,Yes,0,Graduate,No,151560,20200,70000,,1,Semiurban,Y
LP001750,Male,Yes,0,Graduate,No,125000,0,51200,360,1,Semiurban,Y
LP001751,Male,Yes,0,Graduate,No,65000,0,68000,360,1,Rural,N
LP001754,Male,Yes,,Not Graduate,Yes,94700,0,55200,360,1,Urban,N
LP001758,Male,Yes,2,Graduate,No,125000,33900,84000,360,1,Semiurban,Y
LP001760,Male,,,Graduate,No,95160,0,63200,480,1,Semiurban,Y
LP001761,Male,No,0,Graduate,Yes,128000,0,80000,360,1,Rural,Y
LP001765,Male,Yes,1,Graduate,No,49820,41080,41600,360,1,Semiurban,Y
LP001768,Male,Yes,0,Graduate,,74320,0,16800,180,1,Rural,Y
LP001770,Male,No,0,Not Graduate,No,63780,51960,48000,,1,Rural,Y
LP001776,Female,No,0,Graduate,No,166660,0,112000,360,1,Semiurban,Y
LP001778,Male,Yes,1,Graduate,No,63100,35580,56000,360,1,Semiurban,Y
LP001784,Male,Yes,1,Graduate,No,110000,25200,68000,360,1,Rural,Y
LP001786,Male,Yes,0,Graduate,,114920,0,102000,360,,Urban,N
LP001788,Female,No,0,Graduate,Yes,69260,0,48800,360,,Urban,Y
LP001790,Female,No,1,Graduate,No,76240,0,44800,360,1,Rural,Y
LP001792,Male,Yes,1,Graduate,No,66300,0,38400,360,1,Semiurban,Y
LP001798,Male,Yes,2,Graduate,No,116380,100000,48000,360,1,Rural,Y
LP001800,Male,Yes,1,Not Graduate,No,50200,39660,56000,180,1,Urban,N
LP001806,Male,No,0,Graduate,No,59300,114020,62000,60,1,Urban,Y
LP001807,Male,Yes,2,Graduate,Yes,125000,26000,43200,360,1,Rural,Y
LP001811,Male,Yes,0,Not Graduate,No,68120,88340,49200,360,1,Semiurban,Y
LP001813,Male,No,0,Graduate,Yes,121000,86660,48000,180,1,Urban,N
LP001814,Male,Yes,2,Graduate,No,194060,0,44800,360,1,Urban,Y
LP001819,Male,Yes,1,Not Graduate,No,132160,0,54800,180,1,Urban,Y
LP001824,Male,Yes,1,Graduate,No,57640,36860,49200,480,1,Semiurban,Y
LP001825,Male,Yes,0,Graduate,No,36180,37360,36000,360,1,Urban,Y
LP001835,Male,Yes,0,Not Graduate,No,33360,77800,80400,360,0,Semiurban,N
LP001836,Female,No,2,Graduate,No,68540,0,55200,360,1,Urban,N
LP001841,Male,No,0,Not Graduate,Yes,51660,43340,41600,360,1,Rural,Y
LP001843,Male,Yes,1,Not Graduate,No,53220,142020,111600,180,1,Semiurban,Y
LP001844,Male,No,0,Graduate,Yes,325000,0,76800,360,0,Urban,N
LP001846,Female,No,3+,Graduate,No,61660,0,102000,360,1,Rural,Y
LP001849,Male,No,0,Not Graduate,No,120900,0,46000,360,0,Rural,N
LP001854,Male,Yes,3+,Graduate,No,105000,0,37600,360,1,Urban,N
LP001859,Male,Yes,0,Graduate,No,293660,42000,121600,360,1,Rural,N
LP001864,Male,Yes,3+,Not Graduate,No,98620,0,51200,360,,Semiurban,N
LP001865,Male,Yes,1,Graduate,No,121660,85000,132000,360,,Urban,Y
LP001868,Male,No,0,Graduate,No,41200,44180,53600,360,1,Semiurban,Y
LP001870,Female,No,1,Graduate,No,69620,0,62000,36,1,Semiurban,N
LP001871,Female,No,0,Graduate,No,144000,0,48000,360,1,Rural,Y
LP001872,Male,No,0,Graduate,Yes,103320,0,51200,360,1,Semiurban,Y
LP001875,Male,No,0,Graduate,No,81900,68940,60400,360,1,Rural,Y
LP001877,Male,Yes,2,Graduate,No,94160,27740,60000,360,1,Semiurban,Y
LP001882,Male,Yes,3+,Graduate,No,86660,36220,64000,360,0,Urban,Y
LP001883,Female,No,0,Graduate,,68360,0,54000,360,1,Rural,N
LP001884,Female,No,1,Graduate,No,57520,31200,36000,360,1,Urban,Y
LP001888,Female,No,0,Graduate,No,64740,0,12000,360,1,Urban,Y
LP001891,Male,Yes,0,Graduate,No,222920,0,54400,360,1,Urban,Y
LP001892,Male,No,0,Graduate,No,56660,37140,50400,360,1,Rural,Y
LP001894,Male,Yes,0,Graduate,No,52400,44460,60000,360,1,Semiurban,Y
LP001896,Male,Yes,2,Graduate,No,78000,0,36000,360,1,Semiurban,Y
LP001900,Male,Yes,1,Graduate,No,55000,36840,46000,360,1,Semiurban,Y
LP001903,Male,Yes,0,Graduate,No,79860,65480,82800,360,1,Semiurban,Y
LP001904,Male,Yes,0,Graduate,No,62060,26000,32000,360,1,Urban,Y
LP001907,Male,Yes,0,Graduate,No,291660,0,174400,360,1,Semiurban,Y
LP001908,Female,Yes,0,Not Graduate,No,82000,0,49600,360,,Rural,Y
LP001910,Male,No,1,Not Graduate,Yes,81060,48520,63200,360,0,Urban,N
LP001914,Male,Yes,0,Graduate,No,78540,16000,44800,360,1,Semiurban,Y
LP001915,Male,Yes,2,Graduate,No,46020,19716,31200,180,1,Urban,Y
LP001917,Female,No,0,Graduate,No,36220,33320,21600,360,1,Urban,Y
LP001922,Male,Yes,0,Graduate,No,413340,0,0,360,1,Rural,N
LP001924,Male,No,0,Graduate,No,63160,61060,35600,360,1,Rural,Y
LP001925,Female,No,0,Graduate,Yes,52000,34340,39600,300,1,Semiurban,N
LP001926,Male,Yes,0,Graduate,No,74080,40000,48000,360,1,Rural,Y
LP001931,Female,No,0,Graduate,No,82480,0,46000,360,1,Semiurban,Y
LP001935,Male,No,0,Graduate,No,190160,0,74800,360,1,Rural,Y
LP001936,Male,Yes,0,Graduate,No,61500,48320,55600,360,1,Rural,Y
LP001938,Male,Yes,2,Graduate,No,88000,0,50800,360,0,Semiurban,N
LP001940,Male,Yes,2,Graduate,No,63060,31200,53600,360,1,Urban,Y
LP001945,Female,No,,Graduate,No,108340,0,57200,480,0,Urban,N
LP001947,Male,Yes,0,Graduate,No,47660,66680,68800,360,1,Semiurban,Y
LP001949,Male,Yes,3+,Graduate,,88320,25000,44000,360,1,Urban,Y
LP001953,Male,Yes,1,Graduate,No,137500,0,80000,360,1,Semiurban,Y
LP001954,Female,Yes,1,Graduate,No,93320,0,54000,360,1,Urban,Y
LP001955,Female,No,0,Graduate,No,100000,50820,60400,480,1,Rural,N
LP001963,Male,Yes,1,Graduate,No,40280,58500,45200,360,1,Urban,N
LP001964,Male,Yes,0,Not Graduate,No,36000,58680,37200,360,0,Urban,N
LP001972,Male,Yes,,Not Graduate,No,57500,35000,42000,360,1,Semiurban,Y
LP001974,Female,No,0,Graduate,No,100000,0,52800,360,1,Rural,Y
LP001977,Male,Yes,1,Graduate,No,32500,36060,38400,360,1,Urban,Y
LP001978,Male,No,0,Graduate,No,80000,50000,56000,360,1,Rural,Y
LP001990,Male,No,0,Not Graduate,No,40000,0,0,360,1,Urban,N
LP001993,Female,No,0,Graduate,No,75240,33320,54000,360,1,Rural,Y
LP001994,Female,No,0,Graduate,No,48000,37260,41600,360,0,Urban,N
LP001996,Male,No,0,Graduate,No,404660,0,192000,360,1,Rural,N
LP001998,Male,Yes,2,Not Graduate,No,153340,0,74000,360,,Rural,Y
LP002002,Female,No,0,Graduate,No,58340,0,33600,360,1,Semiurban,Y
LP002004,Male,No,0,Not Graduate,No,58540,48100,44400,360,1,Semiurban,Y
LP002006,Female,No,0,Graduate,No,50140,0,22400,360,1,Rural,Y
LP002008,Male,Yes,2,Graduate,Yes,114920,0,57600,84,,Rural,Y
LP002024,,Yes,0,Graduate,No,49460,36860,63600,360,1,Rural,N
LP002031,Male,Yes,1,Not Graduate,No,67980,32800,44400,180,1,Urban,Y
LP002035,Male,Yes,2,Graduate,No,74340,0,48000,360,1,Semiurban,Y
LP002036,Male,Yes,0,Graduate,No,41160,42680,35200,360,,Urban,Y
LP002043,Female,No,1,Graduate,No,70820,0,44800,360,,Semiurban,Y
LP002050,Male,Yes,1,Graduate,Yes,200000,0,62000,360,1,Rural,N
LP002051,Male,Yes,0,Graduate,No,48000,43340,46000,360,1,Semiurban,Y
LP002053,Male,Yes,3+,Graduate,No,86840,3780,49600,360,1,Semiurban,Y
LP002054,Male,Yes,2,Not Graduate,No,72020,31800,0,360,1,Rural,Y
LP002055,Female,No,0,Graduate,No,63320,59700,52800,360,,Rural,Y
LP002065,Male,Yes,3+,Graduate,No,300000,0,120000,360,1,Rural,Y
LP002067,Male,Yes,1,Graduate,Yes,173320,99660,150400,360,0,Rural,N
LP002068,Male,No,0,Graduate,No,98340,0,52000,360,0,Rural,Y
LP002082,Male,Yes,0,Graduate,Yes,116360,43200,73600,360,1,Semiurban,Y
LP002086,Female,Yes,0,Graduate,No,86660,49020,44000,360,1,Urban,N
LP002087,Female,No,0,Graduate,No,50000,0,26800,360,1,Urban,Y
LP002097,Male,No,1,Graduate,No,87680,35860,46800,360,1,Urban,Y
LP002098,Male,No,0,Graduate,No,58700,0,39200,360,1,Semiurban,Y
LP002100,Male,No,,Graduate,No,56660,0,28400,360,1,Urban,Y
LP002101,Male,Yes,0,Graduate,,1266740,0,196000,180,1,Urban,Y
LP002103,,Yes,1,Graduate,Yes,196660,36660,72800,180,1,Urban,Y
LP002106,Male,Yes,,Graduate,Yes,110060,89800,28000,,1,Semiurban,Y
LP002110,Male,Yes,1,Graduate,,105000,13760,64000,360,1,Rural,Y
LP002112,Male,Yes,2,Graduate,Yes,50000,92000,70400,360,1,Rural,Y
LP002113,Female,No,3+,Not Graduate,No,36600,0,0,360,0,Urban,N
LP002114,Female,No,0,Graduate,No,83200,0,28400,360,1,Semiurban,Y
LP002115,Male,Yes,3+,Not Graduate,No,52940,31740,69200,360,1,Rural,N
LP002116,Female,No,0,Graduate,No,47560,0,18400,360,1,Rural,N
LP002119,Male,Yes,1,Not Graduate,No,91080,24580,63200,360,1,Urban,Y
LP002126,Male,Yes,3+,Not Graduate,No,63460,0,29600,360,1,Semiurban,Y
LP002128,Male,Yes,2,Graduate,,51660,46600,50000,360,1,Rural,Y
LP002129,Male,Yes,0,Graduate,No,49980,49160,64000,360,1,Semiurban,Y
LP002130,Male,Yes,,Not Graduate,No,70460,64600,60800,360,0,Rural,N
LP002131,Male,Yes,2,Not Graduate,No,61660,43360,50400,360,1,Urban,Y
LP002137,Male,Yes,0,Graduate,No,126660,91660,103600,360,,Semiurban,Y
LP002138,Male,Yes,0,Graduate,No,52500,125000,74800,360,1,Rural,Y
LP002139,Male,Yes,0,Graduate,No,181660,0,91200,360,1,Semiurban,Y
LP002140,Male,No,0,Graduate,No,175000,83340,123200,360,1,Rural,N
LP002141,Male,Yes,3+,Graduate,No,53320,41660,38000,360,1,Rural,Y
LP002142,Female,Yes,0,Graduate,Yes,110000,0,42000,360,0,Rural,N
LP002143,Female,Yes,0,Graduate,No,48460,10100,52000,360,1,Semiurban,Y
LP002144,Female,No,,Graduate,No,76260,0,46400,180,1,Urban,Y
LP002149,Male,Yes,2,Graduate,No,166660,63340,66000,360,1,Rural,Y
LP002151,Male,Yes,1,Graduate,No,77500,0,26800,360,1,Urban,N
LP002158,Male,Yes,0,Not Graduate,No,60000,33320,40000,480,0,Urban,N
LP002160,Male,Yes,3+,Graduate,No,103340,63340,80000,360,1,Semiurban,Y
LP002161,Female,No,1,Graduate,No,94460,0,32400,360,1,Semiurban,N
LP002170,Male,Yes,2,Graduate,No,100000,73340,94400,360,1,Semiurban,Y
LP002175,Male,Yes,0,Graduate,No,95000,46660,52000,360,1,Urban,Y
LP002178,Male,Yes,0,Graduate,No,60260,60660,38000,300,,Urban,Y
LP002180,Male,No,0,Graduate,Yes,136440,0,56400,360,1,Rural,Y
LP002181,Male,No,0,Not Graduate,No,124320,0,53200,360,1,Rural,N
LP002187,Male,No,0,Graduate,No,50000,0,38400,480,1,Semiurban,N
LP002188,Male,No,0,Graduate,No,102480,0,49600,,0,Rural,N
LP002190,Male,Yes,1,Graduate,No,126500,0,70000,360,1,Semiurban,Y
LP002191,Male,Yes,0,Graduate,No,394600,105320,228000,360,1,Rural,N
LP002194,Female,No,0,Graduate,Yes,315180,0,22000,360,1,Semiurban,Y
LP002197,Male,Yes,2,Graduate,No,103700,0,62000,360,1,Semiurban,Y
LP002201,Male,Yes,2,Graduate,Yes,186460,157460,152000,300,1,Rural,Y
LP002205,Male,No,1,Graduate,No,61240,39740,44400,180,0,Urban,N
LP002209,Female,No,0,Graduate,,55280,29180,44000,360,1,Urban,Y
LP002211,Male,Yes,0,Graduate,No,96340,18460,48000,180,1,Urban,Y
LP002219,Male,Yes,3+,Graduate,No,175000,99920,52000,360,1,Rural,Y
LP002223,Male,Yes,0,Graduate,No,86200,0,52000,360,,Semiurban,Y
LP002224,Male,No,0,Graduate,No,61380,0,28400,480,1,Urban,N
LP002225,Male,Yes,2,Graduate,No,107820,0,52000,360,1,Urban,Y
LP002226,Male,Yes,0,Graduate,,66660,50000,51200,360,1,Semiurban,Y
LP002229,Male,No,0,Graduate,No,118820,84640,118400,360,1,Semiurban,Y
LP002231,Female,No,0,Graduate,No,120000,0,62400,360,1,Urban,Y
LP002234,Male,No,0,Graduate,Yes,143340,0,51200,360,1,Urban,Y
LP002236,Male,Yes,2,Graduate,No,91320,0,40000,360,1,Urban,N
LP002237,Male,No,1,Graduate,,73340,0,45200,180,1,Urban,Y
LP002239,Male,No,0,Not Graduate,No,46920,32000,52800,360,1,Semiurban,Y
LP002243,Male,Yes,0,Not Graduate,No,60200,62720,0,360,0,Urban,N
LP002244,Male,Yes,0,Graduate,No,46660,48340,54400,360,1,Urban,Y
LP002250,Male,Yes,0,Graduate,No,109760,0,50000,360,1,Rural,Y
LP002255,Male,No,3+,Graduate,No,183340,0,74000,360,1,Rural,Y
LP002262,Male,Yes,3+,Graduate,No,190080,0,110000,360,1,Rural,Y
LP002263,Male,Yes,0,Graduate,No,51660,42300,48000,360,,Urban,Y
LP002265,Male,Yes,2,Not Graduate,No,39860,32500,45200,180,1,Semiurban,Y
LP002266,Male,Yes,2,Graduate,No,62000,28000,45200,360,1,Urban,Y
LP002272,Male,Yes,2,Graduate,No,65520,9680,54000,360,,Semiurban,Y
LP002277,Female,No,0,Graduate,No,63600,0,28400,360,0,Urban,N
LP002281,Male,Yes,0,Graduate,No,60660,29180,38000,360,1,Urban,Y
LP002284,Male,No,0,Not Graduate,No,78040,33320,43600,360,1,Rural,Y
LP002287,Female,No,0,Graduate,No,30000,36000,41200,360,0,Semiurban,N
LP002288,Male,Yes,2,Not Graduate,No,57780,0,18000,180,0,Urban,N
LP002296,Male,No,0,Not Graduate,No,55100,0,26000,300,1,Rural,N
LP002297,Male,No,0,Graduate,No,50000,400000,41200,360,1,Semiurban,Y
LP002300,Female,No,0,Not Graduate,No,39260,0,21200,360,1,Semiurban,Y
LP002301,Female,No,0,Graduate,Yes,148820,0,77600,360,1,Rural,N
LP002305,Female,No,0,Graduate,No,90940,0,46000,360,1,Semiurban,Y
LP002308,Male,Yes,0,Not Graduate,No,43340,48000,46000,360,1,Urban,Y
LP002314,Female,No,0,Not Graduate,No,44260,0,26400,360,1,Rural,Y
LP002315,Male,Yes,1,Graduate,No,166000,0,60800,300,0,Semiurban,N
LP002317,Male,Yes,3+,Graduate,No,1620000,0,144000,360,0,Rural,N
LP002318,Female,No,1,Not Graduate,Yes,77340,0,24800,360,1,Semiurban,N
LP002319,Male,Yes,0,Graduate,,125120,0,64000,360,,Urban,Y
LP002328,Male,Yes,0,Not Graduate,No,121920,0,87200,360,0,Rural,N
LP002332,Male,Yes,0,Not Graduate,No,45060,40660,44000,360,1,Rural,Y
LP002335,Female,Yes,0,Not Graduate,No,42980,64740,71200,360,0,Semiurban,N
LP002337,Female,No,0,Graduate,No,59900,0,24000,360,1,Urban,Y
LP002341,Female,No,1,Graduate,No,52000,0,64000,360,1,Urban,N
LP002342,Male,Yes,2,Graduate,Yes,32000,400000,95600,360,1,Urban,N
LP002345,Male,Yes,0,Graduate,No,20500,55460,44800,360,1,Rural,Y
LP002347,Male,Yes,0,Graduate,No,64920,28340,55200,360,1,Semiurban,Y
LP002348,Male,Yes,0,Graduate,No,116580,0,55200,360,1,Rural,Y
LP002357,Female,No,0,Not Graduate,No,54400,0,32000,,0,Urban,N
LP002361,Male,Yes,0,Graduate,No,36400,34380,40000,360,1,Urban,Y
LP002362,Male,Yes,1,Graduate,No,145000,33340,44000,,0,Urban,N
LP002364,Male,Yes,0,Graduate,No,297600,0,38400,360,1,Semiurban,Y
LP002366,Male,Yes,0,Graduate,No,53320,86000,48400,360,1,Rural,Y
LP002367,Female,No,1,Not Graduate,No,92120,0,32400,360,1,Rural,N
LP002368,Male,Yes,2,Graduate,No,118700,0,53200,360,1,Semiurban,Y
LP002369,Male,Yes,0,Graduate,No,58400,322.4,34800,360,1,Rural,Y
LP002370,Male,No,0,Not Graduate,No,54340,0,24000,180,1,Urban,Y
LP002377,Female,No,1,Graduate,Yes,172480,0,60000,360,1,Semiurban,Y
LP002379,Male,No,0,Graduate,No,130000,0,42000,360,0,Rural,N
LP002386,Male,No,0,Graduate,,257520,0,162000,360,1,Semiurban,Y
LP002387,Male,Yes,0,Graduate,No,48500,46800,57200,360,1,Semiurban,Y
LP002390,Male,No,0,Graduate,No,75000,0,40000,360,1,Urban,Y
LP002393,Female,,,Graduate,No,200940,0,0,240,1,Semiurban,Y
LP002398,Male,No,0,Graduate,No,38520,37020,20000,360,1,Semiurban,Y
LP002401,Male,Yes,0,Graduate,No,44260,22500,0,360,1,Urban,Y
LP002403,Male,No,0,Graduate,Yes,208320,0,74800,360,0,Urban,N
LP002407,Female,Yes,0,Not Graduate,Yes,142840,0,55200,360,1,Rural,Y
LP002408,Male,No,0,Graduate,No,73200,101280,74800,360,1,Semiurban,Y
LP002409,Male,Yes,0,Graduate,No,158020,36660,72000,360,1,Rural,Y
LP002418,Male,No,3+,Not Graduate,No,94140,39860,59200,360,1,Semiurban,Y
LP002422,Male,No,1,Graduate,No,754380,0,60800,360,1,Semiurban,Y
LP002424,Male,Yes,0,Graduate,No,146660,166660,70000,300,,Rural,Y
LP002429,Male,Yes,1,Graduate,Yes,69320,24200,52000,360,1,Rural,Y
LP002434,Male,Yes,2,Not Graduate,No,93040,0,44000,360,1,Rural,Y
LP002435,Male,Yes,0,Graduate,,70780,27520,22000,360,1,Rural,N
LP002443,Male,Yes,2,Graduate,No,66800,34200,60000,360,0,Rural,N
LP002444,Male,No,1,Not Graduate,Yes,55380,30840,76000,360,,Semiurban,N
LP002446,Male,Yes,2,Not Graduate,No,46180,25100,50000,360,0,Rural,N
LP002447,Male,Yes,2,Not Graduate,No,39160,29120,24000,300,,Urban,Y
LP002448,Male,Yes,0,Graduate,No,78960,34660,59600,360,0,Rural,N
LP002449,Male,Yes,0,Graduate,No,49660,49320,36000,180,0,Rural,Y
LP002453,Male,No,0,Graduate,Yes,141700,0,33600,360,1,Semiurban,Y
LP002455,Male,Yes,2,Graduate,No,77180,0,38400,360,1,Semiurban,Y
LP002459,Male,Yes,0,Graduate,No,86020,0,47200,360,1,Urban,Y
LP002467,Male,Yes,0,Graduate,No,74160,51380,69200,360,1,Urban,N
LP002472,Male,No,2,Graduate,No,87080,0,54400,360,1,Rural,Y
LP002473,Male,Yes,0,Graduate,No,166680,0,64000,360,1,Semiurban,N
LP002478,,Yes,0,Graduate,Yes,41660,81660,64000,360,,Semiurban,Y
LP002484,Male,Yes,3+,Graduate,No,154800,0,51200,180,1,Urban,Y
LP002487,Male,Yes,0,Graduate,No,60300,43760,61200,360,1,Rural,Y
LP002489,Female,No,1,Not Graduate,,103820,0,52800,360,1,Semiurban,Y
LP002493,Male,No,0,Graduate,No,83320,0,39200,360,0,Semiurban,N
LP002494,Male,No,0,Graduate,No,120000,0,56000,360,1,Rural,Y
LP002500,Male,Yes,3+,Not Graduate,No,58940,33280,28000,180,0,Urban,N
LP002501,,Yes,0,Graduate,No,333840,0,44000,360,1,Semiurban,Y
LP002502,Female,Yes,2,Not Graduate,,4200,58340,39200,360,1,Semiurban,Y
LP002505,Male,Yes,0,Graduate,No,86660,49020,44000,360,1,Urban,N
LP002515,Male,Yes,1,Graduate,Yes,69000,41580,64800,360,1,Semiurban,Y
LP002517,Male,Yes,1,Not Graduate,No,53060,30000,45200,180,0,Rural,N
LP002519,Male,Yes,3+,Graduate,No,93820,0,40000,360,1,Semiurban,Y
LP002522,Female,No,0,Graduate,Yes,50000,0,37200,360,,Urban,Y
LP002524,Male,No,2,Graduate,No,110640,92960,64800,360,1,Rural,Y
LP002527,Male,Yes,2,Graduate,Yes,330500,20280,60000,360,1,Rural,Y
LP002529,Male,Yes,2,Graduate,No,134000,35000,92000,300,1,Semiurban,Y
LP002530,,Yes,2,Graduate,No,57460,37440,52800,360,0,Semiurban,N
LP002531,Male,Yes,1,Graduate,Yes,333340,45000,34400,360,1,Semiurban,Y
LP002533,Male,Yes,2,Graduate,No,58940,32060,0,360,1,Urban,N
LP002534,Female,No,0,Not Graduate,No,87000,0,61600,360,1,Rural,Y
LP002536,Male,Yes,3+,Not Graduate,No,61900,0,45200,360,1,Rural,Y
LP002537,Male,Yes,0,Graduate,No,41660,63000,51200,360,1,Semiurban,Y
LP002541,Male,Yes,0,Graduate,No,216660,0,93600,360,1,Semiurban,Y
LP002543,Male,Yes,2,Graduate,No,166660,0,98400,360,1,Semiurban,Y
LP002544,Male,Yes,1,Not Graduate,No,39160,48720,52400,360,1,Rural,Y
LP002545,Male,No,2,Graduate,No,70940,0,32000,360,0,Rural,N
LP002547,Male,Yes,1,Graduate,No,366660,0,200000,360,1,Urban,N
LP002555,Male,Yes,2,Graduate,Yes,91660,41660,64000,360,1,Semiurban,Y
LP002556,Male,No,0,Graduate,No,48700,0,30000,360,1,Urban,N
LP002560,Male,No,0,Not Graduate,No,53980,55700,38400,360,,Semiurban,Y
LP002562,Male,Yes,1,Not Graduate,No,106660,22620,74400,360,,Urban,Y
LP002571,Male,No,0,Not Graduate,No,73820,0,44000,360,1,Rural,Y
LP002582,Female,No,0,Not Graduate,Yes,345260,0,90000,360,1,Semiurban,Y
LP002585,Male,Yes,0,Graduate,No,71940,43140,47600,360,0,Rural,N
LP002586,Female,Yes,1,Graduate,No,66520,18260,42000,84,1,Semiurban,Y
LP002587,Male,Yes,0,Not Graduate,No,52000,34000,42800,360,1,Rural,Y
LP002588,Male,Yes,0,Graduate,No,92500,57140,44400,12,,Urban,Y
LP002600,Male,Yes,1,Graduate,Yes,57900,0,38000,360,1,Semiurban,Y
LP002602,Male,No,0,Graduate,No,125660,88320,83600,360,0,Rural,N
LP002603,Female,No,0,Graduate,No,12900,73660,45200,480,1,Rural,Y
LP002606,Female,No,0,Graduate,No,63180,0,40000,360,1,Semiurban,Y
LP002615,Male,Yes,2,Graduate,No,97300,112480,83200,360,1,Semiurban,Y
LP002618,Male,Yes,1,Not Graduate,No,81000,106040,55200,360,,Rural,N
LP002619,Male,Yes,0,Not Graduate,No,76280,29660,49600,300,1,Semiurban,Y
LP002622,Male,Yes,2,Graduate,No,70200,88320,97200,360,1,Rural,Y
LP002624,Male,Yes,0,Graduate,No,416660,133340,192000,360,,Urban,Y
LP002625,,No,0,Graduate,No,71660,0,38400,360,1,Urban,N
LP002626,Male,Yes,0,Graduate,Yes,49580,60260,75200,360,1,Urban,Y
LP002634,Female,No,1,Graduate,No,265240,0,16000,360,1,Urban,Y
LP002637,Male,No,0,Not Graduate,No,71960,25740,40000,360,1,Rural,N
LP002640,Male,Yes,1,Graduate,No,121300,40080,100000,360,1,Semiurban,Y
LP002643,Male,Yes,2,Graduate,No,65660,40700,59200,360,1,Urban,Y
LP002648,Male,Yes,0,Graduate,No,42600,133320,28000,180,1,Semiurban,N
LP002652,Male,No,0,Graduate,No,116300,73320,124400,360,1,Rural,N
LP002659,Male,Yes,3+,Graduate,No,69320,68560,60000,360,1,Rural,Y
LP002670,Female,Yes,2,Graduate,No,40620,32640,45200,480,1,Semiurban,Y
LP002682,Male,Yes,,Not Graduate,No,61480,36000,49200,360,0,Semiurban,N
LP002683,Male,No,0,Graduate,No,93660,38300,74000,360,1,Semiurban,N
LP002684,Female,No,0,Not Graduate,No,68000,0,38000,360,1,Rural,N
LP002689,Male,Yes,2,Not Graduate,No,43840,34840,18000,360,1,Semiurban,Y
LP002690,Male,No,0,Graduate,No,50000,0,22000,360,1,Semiurban,Y
LP002692,Male,Yes,3+,Graduate,Yes,113540,28480,40000,360,1,Rural,Y
LP002693,Male,Yes,2,Graduate,Yes,158960,143320,192000,360,1,Rural,Y
LP002697,Male,No,0,Graduate,No,93600,41740,0,360,1,Semiurban,N
LP002699,Male,Yes,2,Graduate,Yes,350000,0,160000,360,1,Rural,Y
LP002705,Male,Yes,0,Graduate,No,75500,0,44000,360,1,Semiurban,Y
LP002706,Male,Yes,1,Not Graduate,No,105700,28600,64400,360,0,Semiurban,Y
LP002714,Male,No,1,Not Graduate,No,53580,26040,37600,360,1,Semiurban,Y
LP002716,Male,No,0,Not Graduate,No,135660,0,52000,360,1,Semiurban,Y
LP002717,Male,Yes,0,Graduate,No,20500,110000,86400,360,,Rural,Y
LP002720,Male,Yes,3+,Graduate,No,85620,0,40000,360,1,Urban,Y
LP002723,Male,No,2,Graduate,No,71760,0,44000,360,0,Rural,N
LP002729,Male,No,1,Graduate,No,225000,0,78400,360,,Semiurban,N
LP002731,Female,No,0,Not Graduate,Yes,363300,0,50000,360,1,Urban,Y
LP002732,Male,No,0,Not Graduate,,51000,40840,50400,360,1,Rural,Y
LP002734,Male,Yes,0,Graduate,No,122660,78120,129600,360,1,Urban,Y
LP002738,Male,No,2,Graduate,No,72340,0,42800,360,1,Semiurban,Y
LP002739,Male,Yes,0,Not Graduate,No,58340,10720,26400,360,1,Rural,N
LP002740,Male,Yes,3+,Graduate,No,128340,0,62800,180,1,Rural,Y
LP002741,Female,Yes,1,Graduate,No,92160,56900,56000,180,1,Semiurban,Y
LP002743,Female,No,0,Graduate,No,42760,0,39600,360,0,Semiurban,N
LP002753,Female,No,1,Graduate,,73040,0,38000,360,1,Semiurban,Y
LP002755,Male,Yes,1,Not Graduate,No,44780,50480,51200,360,1,Urban,Y
LP002757,Female,Yes,0,Not Graduate,No,60340,13260,40800,360,,Semiurban,Y
LP002767,Male,Yes,0,Graduate,No,55360,39000,62000,360,1,Rural,Y
LP002768,Male,No,0,Not Graduate,No,67160,0,32000,36,1,Semiurban,N
LP002772,Male,No,0,Graduate,No,50520,35660,58000,360,1,Rural,Y
LP002776,Female,No,0,Graduate,No,100000,0,41200,360,0,Semiurban,N
LP002777,Male,Yes,0,Graduate,No,55700,40320,44000,360,1,Rural,Y
LP002778,Male,Yes,2,Graduate,Yes,132660,0,0,360,0,Rural,N
LP002784,Male,Yes,1,Not Graduate,No,49840,47500,0,360,1,Rural,Y
LP002785,Male,Yes,1,Graduate,No,66660,65000,63200,360,1,Urban,Y
LP002788,Male,Yes,0,Not Graduate,No,49080,46660,72400,360,0,Urban,N
LP002789,Male,Yes,0,Graduate,No,71860,85320,52800,180,0,Rural,N
LP002792,Male,Yes,1,Graduate,No,109360,20640,10400,360,1,Semiurban,Y
LP002794,Female,No,0,Graduate,No,53340,32500,33600,360,,Urban,Y
LP002795,Male,Yes,3+,Graduate,Yes,202780,0,104000,360,1,Semiurban,Y
LP002798,Male,Yes,0,Graduate,No,77740,53380,64800,360,1,Semiurban,Y
LP002804,Female,Yes,0,Graduate,No,83600,46120,72800,360,1,Semiurban,Y
LP002807,Male,Yes,2,Not Graduate,No,73500,4840,43200,360,1,Semiurban,Y
LP002813,Female,Yes,1,Graduate,Yes,389680,0,240000,360,1,Semiurban,Y
LP002820,Male,Yes,0,Graduate,No,118460,41080,84400,360,1,Rural,Y
LP002821,Male,No,0,Not Graduate,Yes,116000,0,52800,360,1,Semiurban,Y
LP002832,Male,Yes,2,Graduate,No,175980,0,103200,360,0,Urban,N
LP002833,Male,Yes,0,Not Graduate,No,89340,0,48000,360,,Rural,Y
LP002836,Male,No,0,Graduate,No,66660,0,28000,360,1,Urban,Y
LP002837,Male,Yes,3+,Graduate,No,68000,50000,49200,360,0,Rural,N
LP002840,Female,No,0,Graduate,No,47560,0,3600,360,1,Urban,N
LP002841,Male,Yes,0,Graduate,No,63320,41280,41600,360,0,Urban,N
LP002842,Male,Yes,1,Graduate,No,68340,35000,74400,360,1,Urban,Y
LP002847,Male,Yes,,Graduate,No,102320,29020,66000,360,0,Urban,N
LP002855,Male,Yes,2,Graduate,No,333320,0,110000,360,1,Urban,Y
LP002862,Male,Yes,2,Not Graduate,No,122500,32500,74800,480,1,Semiurban,N
LP002863,Male,Yes,3+,Graduate,No,128120,0,60000,360,1,Semiurban,N
LP002868,Male,Yes,2,Graduate,No,63180,9220,43200,84,1,Urban,Y
LP002872,,Yes,0,Graduate,No,61740,44200,54400,360,0,Semiurban,N
LP002874,Male,No,0,Graduate,No,64580,54780,44000,360,1,Urban,Y
LP002877,Male,Yes,1,Graduate,No,35640,44640,42800,360,1,Rural,Y
LP002888,Male,No,0,Graduate,,63640,58340,64400,360,1,Urban,Y
LP002892,Male,Yes,2,Graduate,No,130800,0,82000,360,1,Semiurban,Y
LP002893,Male,No,0,Graduate,No,36720,676740,36000,360,1,Urban,N
LP002894,Female,Yes,0,Graduate,No,63320,0,14400,360,1,Semiurban,Y
LP002898,Male,Yes,1,Graduate,No,37600,0,24400,360,,Rural,N
LP002911,Male,Yes,1,Graduate,No,55740,38340,58400,360,0,Rural,N
LP002912,Male,Yes,1,Graduate,No,85660,60000,68800,84,1,Rural,N
LP002916,Male,Yes,0,Graduate,No,45940,30440,41600,360,1,Urban,Y
LP002917,Female,No,0,Not Graduate,No,43300,0,28000,360,1,Semiurban,Y
LP002925,,No,0,Graduate,No,95000,0,37600,360,1,Semiurban,Y
LP002926,Male,Yes,2,Graduate,Yes,54520,0,42400,360,0,Semiurban,N
LP002928,Male,Yes,0,Graduate,No,60000,68320,22400,180,1,Semiurban,Y
LP002931,Male,Yes,2,Graduate,Yes,120000,0,82000,240,1,Semiurban,N
LP002933,,No,3+,Graduate,Yes,187140,0,116800,360,1,Semiurban,Y
LP002936,Male,Yes,0,Graduate,No,77180,66000,56800,180,1,Rural,Y
LP002938,Male,Yes,0,Graduate,Yes,322400,0,104000,360,1,Urban,Y
LP002940,Male,No,0,Not Graduate,No,76660,0,44000,360,1,Rural,Y
LP002941,Male,Yes,2,Not Graduate,Yes,127660,20000,74800,360,1,Rural,N
LP002943,Male,No,,Graduate,No,59740,0,35200,360,0,Semiurban,N
LP002945,Male,Yes,0,Graduate,Yes,199260,0,72000,360,1,Rural,Y
LP002948,Male,Yes,2,Graduate,No,115600,0,76800,360,1,Urban,Y
LP002949,Female,No,3+,Graduate,,8320,833340,140000,180,,Urban,N
LP002950,Male,Yes,0,Not Graduate,,57880,55840,62000,360,1,Rural,Y
LP002953,Male,Yes,3+,Graduate,No,114060,0,51200,360,1,Urban,Y
LP002958,Male,No,0,Graduate,No,73520,86020,68800,360,1,Rural,Y
LP002959,Female,Yes,1,Graduate,No,240000,0,198400,360,1,Semiurban,Y
LP002960,Male,Yes,0,Not Graduate,No,48000,76000,0,180,1,Urban,N
LP002961,Male,Yes,1,Graduate,No,68000,50000,69200,360,1,Semiurban,Y
LP002964,Male,Yes,2,Not Graduate,No,79740,28220,62800,360,1,Rural,Y
LP002974,Male,Yes,0,Graduate,No,64640,39000,43200,360,1,Rural,Y
LP002978,Female,No,0,Graduate,No,58000,0,28400,360,1,Rural,Y
LP002979,Male,Yes,3+,Graduate,No,82120,0,16000,180,1,Rural,Y
LP002983,Male,Yes,1,Graduate,No,161440,4800,101200,360,1,Urban,Y
LP002984,Male,Yes,2,Graduate,No,151660,0,74800,360,1,Urban,Y
LP002990,Female,No,0,Graduate,Yes,91660,0,53200,360,0,Semiurban,N
